{
	"providers": {
		"awscloudformation": {
			"AuthRoleName": "amplify-finalogin-dev-212517-authRole",
			"UnauthRoleArn": "arn:aws:iam::234205501728:role/amplify-finalogin-dev-212517-unauthRole",
			"AuthRoleArn": "arn:aws:iam::234205501728:role/amplify-finalogin-dev-212517-authRole",
			"Region": "ca-central-1",
			"DeploymentBucketName": "amplify-finalogin-dev-212517-deployment",
			"UnauthRoleName": "amplify-finalogin-dev-212517-unauthRole",
			"StackName": "amplify-finalogin-dev-212517",
			"StackId": "arn:aws:cloudformation:ca-central-1:234205501728:stack/amplify-finalogin-dev-212517/0a6d8f10-e1d4-11ea-bc4b-066237fddb7e",
			"AmplifyAppId": "d1tt2qgvgqjyl8"
		}
	},
	"auth": {
		"finaAmplifyCognito": {
			"service": "Cognito",
			"providerPlugin": "awscloudformation",
			"dependsOn": [],
			"providerMetadata": {
				"s3TemplateURL": "https://s3.amazonaws.com/amplify-finalogin-dev-212517-deployment/amplify-cfn-templates/auth/finaAmplifyCognito-cloudformation-template.yml",
				"logicalId": "authfinaAmplifyCognito"
			},
			"lastPushTimeStamp": "2020-08-19T04:37:56.703Z",
			"output": {
				"AppClientSecret": "d852b16b4lniijjepgkt76nbk3ejgef7cmdoosk17h3lvdqm91p",
				"UserPoolId": "ca-central-1_jPGIPdXJw",
				"AppClientIDWeb": "12in8e85ik3bp8qqilsinvjun2",
				"AppClientID": "74budqpf8uecngi7m068q01grl",
				"IdentityPoolId": "ca-central-1:d9b18d66-c1b7-470c-be7a-4e9bb3985b35",
				"IdentityPoolName": "fina_identity_pool__dev",
				"UserPoolName": "fina_login_user_pool"
			},
			"lastPushDirHash": "FdTmGXZ/d1Y/zbcwVgl+u1THdXQ="
		}
	}
}